{"loss": "CrossEntropyLoss()", "_timestamp": 1648345367, "_runtime": 277, "_step": 1, "gradients/1.bias": {"_type": "histogram", "values": [1.0, 0.0, 0.0, 0.0, 0.0, 2.0, 0.0, 0.0, 0.0, 0.0, 1.0, 0.0, 0.0, 0.0, 0.0, 0.0, 0.0, 0.0, 0.0, 0.0, 0.0, 0.0, 0.0, 0.0, 0.0, 0.0, 0.0, 0.0, 1.0, 1.0, 0.0, 0.0, 0.0, 1.0, 1.0, 0.0, 0.0, 0.0, 0.0, 0.0, 1.0, 0.0, 0.0, 0.0, 0.0, 0.0, 0.0, 0.0, 0.0, 0.0, 0.0, 0.0, 0.0, 0.0, 0.0, 0.0, 0.0, 0.0, 0.0, 0.0, 0.0, 0.0, 0.0, 1.0], "bins": [-0.018220562487840652, -0.01749666966497898, -0.01677277870476246, -0.016048885881900787, -0.015324994921684265, -0.014601103030145168, -0.013877211138606071, -0.0131533183157444, -0.012429427355527878, -0.011705535463988781, -0.010981643572449684, -0.010257751680910587, -0.00953385978937149, -0.008809967897832394, -0.008086076006293297, -0.007362183649092913, -0.0066382912918925285, -0.005914399400353432, -0.005190507508814335, -0.004466615617275238, -0.0037427234929054976, -0.0030188316013664007, -0.0022949394769966602, -0.0015710475854575634, -0.0008471552282571793, -0.00012326327851042151, 0.0006006286712363362, 0.0013245206791907549, 0.0020484125707298517, 0.0027723044622689486, 0.003496196586638689, 0.004220088478177786, 0.004943979904055595, 0.005667871795594692, 0.006391763687133789, 0.007115655578672886, 0.007839547470211983, 0.00856343936175108, 0.009287331253290176, 0.010011224076151848, 0.01073511503636837, 0.011459006927907467, 0.012182898819446564, 0.01290679071098566, 0.013630682602524757, 0.014354574494063854, 0.015078466385602951, 0.015802359208464622, 0.016526252031326294, 0.017250144854187965, 0.017974035814404488, 0.01869792863726616, 0.01942181959748268, 0.020145712420344353, 0.020869603380560875, 0.021593496203422546, 0.02231738716363907, 0.02304127998650074, 0.023765170946717262, 0.024489063769578934, 0.025212954729795456, 0.025936847552657127, 0.02666073851287365, 0.02738463133573532, 0.028108522295951843]}, "gradients/1.weight": {"_type": "histogram", "values": [6.0, 27.0, 26.0, 49.0, 61.0, 54.0, 56.0, 41.0, 31.0, 14.0, 16.0, 22.0, 13.0, 15.0, 30.0, 43.0, 87.0, 129.0, 141.0, 179.0, 186.0, 155.0, 125.0, 104.0, 121.0, 141.0, 143.0, 192.0, 253.0, 2255.0, 505.0, 535.0, 503.0, 280.0, 221.0, 132.0, 79.0, 39.0, 34.0, 63.0, 62.0, 67.0, 75.0, 59.0, 21.0, 21.0, 12.0, 15.0, 12.0, 16.0, 29.0, 56.0, 70.0, 69.0, 44.0, 31.0, 26.0, 17.0, 11.0, 6.0, 8.0, 3.0, 3.0, 1.0], "bins": [-0.02251400053501129, -0.02174411341547966, -0.02097422443330288, -0.020204337313771248, -0.019434448331594467, -0.018664561212062836, -0.017894674092531204, -0.017124786972999573, -0.016354897990822792, -0.015585009939968586, -0.01481512188911438, -0.014045234769582748, -0.013275346718728542, -0.012505458667874336, -0.011735571548342705, -0.010965683497488499, -0.010195795446634293, -0.009425907395780087, -0.00865601934492588, -0.007886132225394249, -0.007116244174540043, -0.006346356123685837, -0.005576468538492918, -0.004806580953299999, -0.004036692902445793, -0.0032668050844222307, -0.0024969172663986683, -0.0017270294483751059, -0.0009571416303515434, -0.000187253812327981, 0.0005826340056955814, 0.0013525215908885002, 0.0021224096417427063, 0.0028922974597662687, 0.003662185277789831, 0.00443207286298275, 0.005201960913836956, 0.005971848964691162, 0.006741736549884081, 0.007511624135077, 0.008281512185931206, 0.009051400236785412, 0.009821288287639618, 0.01059117540717125, 0.011361063458025455, 0.012130951508879662, 0.012900838628411293, 0.013670726679265499, 0.014440614730119705, 0.015210502780973911, 0.015980390831828117, 0.01675027795135975, 0.01752016693353653, 0.01829005405306816, 0.019059941172599792, 0.019829828292131424, 0.020599717274308205, 0.021369604393839836, 0.022139493376016617, 0.02290938049554825, 0.02367926761507988, 0.02444915659725666, 0.025219043716788292, 0.025988932698965073, 0.026758819818496704]}, "_wandb": {"runtime": 187}}