{"loss": [2.3025851249694824, 0.6931471824645996], "_timestamp": 1648105657, "_runtime": 220, "_step": 3, "_wandb": {"runtime": 61}}